id_1,id_2
0,23977
1,34526
1,2370
1,14683
1,29982
1,21142
1,20363
1,23830
1,34035
6067,19720
6067,20183
3,4950
3,18029
3,3358
3,34935
3,5916
4,2865
4,9342
5,27803
6,27803
6,18612
6,18876
6,31890
6,17647
6,18562
7,37493
7,33643
7,30199
7,35773
7,11273
7,12775
7,21864
7,9051
34957,21395
34957,9891
34957,9340
34957,31260
34957,14820
34957,31890
34957,26666
34957,22516
8,19253
8,27803
8,11083
8,23973
8,36652
8,10080
8,14003
8,4793
9,15477
9,23914
9,27803
9,33129
9,27768
9,19407
9,30596
10,35842
10,23589
10,37280
10,2078
10,23670
10,32836
10,34238
10,19345
10,19973
10,29557
10,33138
10,35762
10,4708
10,31890
10,15495
10,10487
10,12102
10,27313
10,30199
10,27450
10,19222
10,7843
10,19256
10,14478
10,26143
10,12894
10,11514
10,16321
10,35633
10,22564
10,22666
10,22674
10,5567
10,29876
10,33500
10,14720
10,32322
10,37577
10,36578
10,3797
10,4530
10,27340
10,26639
10,915
10,1407
10,10456
10,17332
10,13638
10,18850
10,1923
10,11271
10,31938
10,27314
10,16641
10,30002
10,7027
10,10535
10,29465
10,35008
10,23972
10,27803
10,16995
10,21934
10,6229
10,29964
10,4469
11,27803
11,31890
12,20854
12,4398
12,9598
12,25134
12,13228
12,11051
13,27803
13,9051
13,5629
14,20880
14,34989
14,15143
14,36404
14,35773
14,33988
14,30809
14,20363
14,18638
14,18910
14,31126
14,7825
14,28922
14,34629
14,13396
14,23838
14,8635
14,4174
15,10219
15,17787
15,3368
15,19253
15,12921
15,30002
15,5310
15,9049
15,30833
15,23204
15,10080
15,27803
15,1501
15,36652
15,33671
15,18163
15,31890
15,29892
17,36099
17,18876
17,32821
18,27803
18,27696
18,23458
20,33863
20,27745
20,29082
20,3922
21,12261
21,23332
21,34114
21,21547
21,9553
21,22321
21,15191
21,14242
21,23783
21,37057
21,2282
21,2992
21,36632
21,19470
21,31890
21,5300
21,20919
21,33029
21,10352
21,12986
21,29615
21,21847
21,20961
21,12396
21,3747
21,8172
21,6790
21,27877
21,5081
21,8360
21,1315
21,33684
21,27803
22,32575
22,13685
22,291
22,3072
22,19222
22,35241
22,7027
23,21298
23,34114
23,22584
23,21498
23,9173
23,19358
23,9388
23,14635
23,6221
23,35359
23,30235
23,31890
24,33029
24,28761
24,327
24,36652
24,22059
24,13638
24,7976
24,26877
24,12523
24,3712
24,32060
24,35558
24,10840
24,23267
24,9722
24,14805
24,2431
24,27954
6071,5061
6071,31890
6071,31987
6071,11051
6071,1739
26,32718
26,17091
26,15554
26,3153
26,31890
26,29055
26,34606
27,14755
27,28477
27,24094
27,12798
27,9947
27,35523
27,19629
27,1659
27,37475
27,28014
27,11225
27,32771
27,30417
27,32452
27,34900
27,2035
27,18588
27,885
27,25948
27,30502
27,14177
27,18595
27,3491
27,14947
27,17644
27,7415
27,25129
27,31525
27,14185
27,22836
27,25748
27,35065
27,8360
27,33424
27,17949
27,23906
27,7847
27,831
27,3582
27,14341
27,7495
27,25819
27,25756
27,9339
27,32507
27,17221
27,12838
27,7075
27,714
27,1767
27,33833
27,479
27,13090
27,35668
27,24810
27,10001
27,10219
27,26298
27,11889
27,34059
27,27874
27,23051
27,26124
27,20024
27,29347
27,27031
27,31500
27,16621
27,1268
27,11720
28,13003
29,31890
29,36652
30,6631
30,20854
30,23664
30,11051
30,19222
30,9051
31,10808
31,23880
31,12505
31,15908
31,17736
31,31890
31,2059
32,4293
32,22351
33,10510
33,5398
34,27474
34,3635
34,27804
34,18741
24655,25120
24655,6452
24655,18377
24655,15977
24655,20084
24655,22253
24655,15940
24655,22464
24655,22615
24655,36628
24655,8626
24655,24419
24655,18244
24655,3903
24655,27022
24655,15919
24655,1174
24655,30814
24655,37428
24655,29886
24655,22881
24655,34440
24655,21973
24655,8292
24655,13493
24655,29889
24655,2417
24655,4528
24655,5412
24655,1483
24655,26585
24655,18701
24655,25477
24655,36747
24655,15806
24655,27268
24655,4193
24655,418
24655,13581
24655,25967
24655,36648
24655,1070
24655,19222
24655,4011
24655,17152
24655,12929
24655,33303
24655,1109
24655,15407
24655,33856
24655,36914
35,23589
35,35773
35,15270
35,17013
35,3922
35,25652
35,11279
35,3153
35,18274
35,31890
35,5300
35,8635
35,308
35,19540
35,25218
35,15074
35,21142
35,6506
35,29982
35,20363
35,18638
35,31126
35,7562
35,34766
35,33813
35,30543
35,16599
36,35523
36,35773
36,16282
36,37049
36,18638
36,27363
36,11279
36,3153
36,16119
36,26293
36,20880
36,24953
36,8635
36,24343
36,28814
36,23690
36,32459
36,35616
36,20363
36,7740
36,9051
36,34840
36,27367
6073,11635
6073,896
6073,32126
6073,4382
6073,11079
6073,8784
6073,22104
6073,24654
6073,27966
38,717
38,23060
38,253
38,22452
38,1766
38,36746
38,14701
38,25314
38,10281
38,23783
38,8409
38,18028
38,1524
38,9804
38,34992
38,11439
38,34536
38,3491
38,26644
38,9677
38,31518
38,1396
38,32139
38,29886
38,26196
38,11175
38,13632
38,13189
38,32309
38,23838
38,35008
38,5823
38,20191
38,24921
38,29052
38,6301
38,21943
38,3922
38,10595
38,18403
38,18204
38,29218
38,20773
38,36099
38,19744
38,13638
38,10001
38,11041
38,27867
38,25774
38,30002
38,21358
38,3252
38,29387
38,24541
38,8646
38,35388
38,18725
38,37463
38,12506
38,18876
38,22950
38,28930
38,14483
38,5323
38,10320
38,16958
38,30010
38,35371
38,29421
38,16798
38,29557
38,21957
38,32180
38,17230
38,8416
38,31890
38,36628
38,24347
38,12265
38,24033
38,29961
38,13629
38,28322
38,16127
38,22491
38,22024
38,393
38,31756
38,11010
38,30046
38,16321
38,6645
38,29082
38,32821
38,15295
38,5487
38,22642
38,20236
38,8921
38,1264
38,17133
38,25249
38,19459
38,814
38,22415
38,8831
38,14131
38,34426
38,17139
38,22292
38,5506
38,30384
38,11271
38,23711
38,31346
38,33988
38,12393
38,11991
38,24965
38,8360
38,27803
38,1003
38,34563
38,28487
38,22899
38,20836
40,14266
40,31917
40,31890
40,6134
40,3712
41,15936
41,12648
41,22395
41,30403
41,20610
41,15278
41,2300
42,3546
42,23589
42,34953
42,28343
42,5143
42,31731
42,22321
42,6843
42,11051
42,31890
42,26410
42,33643
42,5338
42,5629
42,22267
42,27962
42,14558
42,31695
42,33471
42,37193
42,37578
42,6645
42,540
42,13263
42,30596
42,2297
42,73
42,34447
42,36608
42,7006
42,16350
42,14502
42,6250
42,35523
42,18233
42,11119
42,9349
42,10830
42,37294
42,6185
42,27718
42,7516
42,4210
42,3678
42,1356
42,8172
42,14814
42,20854
42,27370
42,8608
42,35773
42,15684
42,7178
42,13656
42,20436
44,8721
44,29421
45,12703
45,30789
45,31090
24499,9946
24499,34654
24499,9947
24499,25424
24499,12731
24499,31659
24499,18509
24499,24257
24499,15623
24499,9955
24499,27751
24499,18810
24499,18318
24499,25434
24499,3483
24499,9731
24499,33410
24499,592
24499,4292
24499,6641
24499,13177
24499,26639
24499,11124
24499,25739
24499,6854
24499,19222
24499,26644
24499,18100
24499,35472
24499,36163
24499,16496
24499,22836
24499,25307
24499,25454
24499,29360
24499,20478
24499,6005
24499,25887
24499,28591
24499,3789
24499,11617
24499,33324
24499,36621
24499,29052
24499,4451
24499,6301
24499,29055
24499,4819
24499,13439
24499,36971
24499,25128
24499,26979
24499,17066
24499,23264
24499,16797
24499,13638
24499,13354
24499,16959
24499,3374
24499,12876
24499,2804
24499,29536
24499,33602
24499,11927
24499,26839
24499,2078
24499,10154
24499,24744
24499,14400
24499,11010
24499,35806
24499,35773
24499,8177
24499,22669
24499,31217
24499,21787
24499,35089
24499,34564
24499,36659
24499,14108
24499,7027
24499,15066
24499,30948
24499,25477
24499,8753
24499,10025
24499,2816
24499,15940
24499,29243
24499,25061
24499,12003
24499,26538
24499,2252
24499,24939
24499,21101
24499,6631
24499,10487
24499,17917
24499,31890
24499,35872
24499,30199
24499,10157
24499,10347
24499,1103
24499,20303
24499,27803
24499,9051
24499,1696
24499,17419
24499,10574
24499,12542
24499,35890
24499,34774
24499,4712
24499,32710
24499,28130
24499,33012
24499,30979
24499,34620
24499,15313
24499,10956
24499,22459
24499,11279
24499,27196
24499,23690
24499,33366
24499,981
24499,15555
24499,37161
24499,19041
24499,9919
24499,35258
24499,18482
24499,5300
24499,19089
24499,848
24499,21404
24499,12986
24499,5892
24499,27655
24499,32060
24499,33988
24499,4262
24499,368
24499,3712
24499,35468
24499,23209
24499,23767
24499,11573
24499,24935
24499,9008
24499,6827
24499,32415
24499,73
24499,12630
1193,28234
1193,4036
1193,10001
48,35665
48,10595
49,5552
49,26597
49,10269
49,7121
49,33671
50,19222
50,24181
51,34304
51,25741
51,27985
51,18163
51,33950
52,20594
52,25427
52,5496
52,1212
52,22321
52,24661
52,30877
52,25285
52,33671
52,23684
52,29215
52,5845
52,591
52,1132
52,6094
52,5636
52,4013
52,7435
52,2742
52,34429
52,11991
52,8570
52,823
52,24668
52,27803
52,30670
52,30074
52,21607
52,3210
52,18037
52,13112
53,28957
53,21375
22212,6138
54,36103
55,29827
55,5568
55,11051
57,3255
58,14312
58,31890
58,28964
58,18727
58,5218
58,34638
58,23908
59,13761
60,37077
61,6631
61,974
61,18406
61,33643
61,30199
61,73
61,8357
61,35773
61,25146
61,11051
61,35008
61,1095
61,10403
61,23664
61,33128
61,772
61,18233
61,32030
61,31890
61,32876
61,33799
62,30717
63,36607
29946,33671
64,13486
65,30733
65,31890
65,10001
66,13448
66,31890
66,30773
66,21831
67,11497
67,7104
67,29440
67,36652
67,6301
67,14023
67,26706
67,26679
67,3329
67,29889
67,19114
67,19253
67,36628
67,29023
67,10001
67,27037
67,10528
67,29997
67,19222
67,27470
67,31695
67,10574
67,17723
67,27803
67,32753
67,35076
67,12575
68,30030
68,21358
68,4459
68,30297
70,34161
71,20812
71,11244
71,24207
72,18731
72,32161
72,11573
72,11055
72,1353
72,1618
6078,2819
6078,14766
6078,24350
74,31838
74,5880
74,15745
74,23139
74,29645
74,36652
75,10247
75,36652
75,19222
75,7211
75,21029
75,2243
75,1089
75,17854
75,31923
75,10080
75,18790
75,26118
75,16701
75,36828
75,4757
75,9766
75,5754
75,14466
6079,33029
6079,23589
6079,18430
6079,5629
6079,4847
6079,32409
6079,18945
6079,22715
6079,32876
77,3115
79,33601
82,15338
82,33385
83,26110
83,33671
83,25858
83,5629
83,8828
83,5858
83,2489
84,19253
84,12699
85,11081
85,1295
85,36648
85,33128
85,35708
18373,28603
18373,33029
87,28367
87,5361
87,26585
87,22434
87,27855
87,15820
87,32227
87,15870
87,13638
87,36628
87,16583
87,22881
87,23348
87,19222
87,31170
87,15817
87,34602
87,27803
87,24459
87,13729
87,25704
87,6558
87,26434
87,25477
89,27323
89,27803
89,29563
89,33824
89,35008
90,21351
90,24444
90,15808
90,13411
90,13893
91,5953
91,23110
92,16241
92,26156
92,3177
92,12092
92,5615
92,16854
92,36126
92,16754
92,1955
92,5197
92,6981
92,7827
92,25210
92,19841
92,20173
92,13574
92,26339
92,31515
92,9921
92,7839
92,19222
92,13872
92,7123
92,12115
92,25579
92,37573
92,34032
92,31248
92,4598
92,29439
92,1337
92,13418
92,15313
92,12484
92,12699
92,26666
92,28303
92,9818
92,35579
92,10601
92,21912
92,25256
92,13576
92,21993
92,22881
92,37438
92,18699
92,34217
92,36248
92,26532
92,24568
92,27803
92,12085
92,22449
92,141
93,31102
30931,23271
30931,11591
30931,4333
30931,1139
30931,34042
30931,19400
30931,36310
30931,8508
30931,27101
30931,6149
30931,3190
30931,13506
30931,19728
95,29645
6081,9355
97,1483
97,27803
97,13638
97,22881
97,37087
97,28885
97,18835
97,36628
97,22321
98,30594
98,1686
98,27373
98,26054
98,21090
98,8668
98,31814
98,22606
98,23845
98,15191
98,28544
98,3218
98,16938
98,30002
98,709
98,17446
98,2078
98,3712
98,393
98,27803
98,17197
98,33684
98,33546
99,36916
99,11442
99,7995
99,37085
99,5629
99,32812
99,10060
99,29115
99,23261
99,31324
99,2755
99,34603
99,8507
99,16033
99,32639
99,23100
99,14459
99,23519
99,338
6082,2270
6082,28436
6082,14815
101,29255
101,32525
101,35212
101,6114
101,6479
101,22642
101,33708
101,30717
101,13169
101,11206
101,10711
101,23228
101,31174
101,27777
101,36681
101,34423
101,16905
101,8912
101,1891
101,21537
101,17652
101,18029
101,910
101,13332
101,2270
101,6295
101,36620
101,2273
101,7222
101,13743
101,19534
101,13761
101,28451
101,27860
101,9552
101,32421
101,7156
101,33910
101,14878
101,7183
101,32897
101,19684
101,29620
101,27655
101,1877
101,3542
101,32182
102,10689
102,32124
103,23434
103,27401
103,22125
105,14642
105,9586
105,28427
105,20132
105,21566
105,17580
105,24350
105,12657
105,26265
105,968
105,21732
105,17578
105,11038
106,25367
106,15062
106,27803
106,15191
106,24061
108,16385
108,27593
108,9238
108,33152
108,24409
108,22071
108,33485
108,31729
108,35061
108,1948
108,25507
108,20322
108,5673
108,11710
108,30003
108,24473
108,32572
108,12534
108,27803
108,12978
108,17126
108,23817
108,15541
109,11085
109,16954
109,24905
109,25777
110,5188
110,15143
110,27903
110,14021
110,12505
110,22341
111,27106
111,23471
112,37104
113,2521
113,2348
113,8459
113,25783
113,25401
113,35773
113,11793
35816,974
35816,4128
35816,30199
35816,35773
35816,5647
35816,10844
35816,33410
35816,6628
35816,31328
35816,12442
114,16315
114,32134
114,23932
114,31890
114,5547
114,30101
114,10001
115,5629
115,14352
115,26261
115,20100
115,31631
116,9955
116,27037
116,17395
116,24733
116,12209
116,3665
116,18163
116,2993
116,7195
117,26843
117,9667
118,24504
118,27669
118,36101
118,12102
118,31890
118,19765
119,20731
119,34316
119,21300
119,4275
119,35773
119,10403
119,24133
119,13013
119,30417
119,4030
119,31509
119,9051
119,16119
119,7195
119,22618
119,25398
119,1085
119,36940
119,4430
119,19222
119,7979
119,22442
119,29199
119,12570
119,6571
119,10438
119,32346
119,23527
119,28890
119,36173
119,23838
119,25752
119,14227
119,19936
119,8440
119,29319
119,19096
119,10450
119,23478
119,29055
119,28755
119,13056
119,13058
119,20468
119,23112
119,35822
119,2328
119,30757
119,16080
119,13790
119,2806
119,33054
119,6031
119,29075
119,24743
119,18562
119,35008
119,9301
119,14670
119,23283
119,28777
119,13653
119,36819
119,21081
119,14228
119,9023
119,5754
119,34402
119,31170
119,9447
119,35968
119,31880
119,2096
119,7770
119,21547
119,31890
119,31829
119,4793
119,6631
119,36578
119,7339
119,19012
119,4370
119,31764
119,21664
119,33018
119,5080
119,3537
119,19351
119,27029
119,33193
119,10194
119,255
119,19153
119,6599
119,15657
119,2410
119,37042
119,27038
119,12885
119,2718
119,26958
119,5224
119,21406
119,22282
119,32411
119,6945
119,18558
119,26901
119,8518
119,2281
119,5629
119,16578
119,34861
119,27051
119,31115
119,31197
119,5879
119,23050
119,26463
119,22881
119,5366
119,11531
119,34785
119,35601
119,23798
119,18043
119,30483
119,32100
119,27803
119,34399
119,33222
119,31725
119,22875
119,73
120,23589
120,27072
120,9553
120,8225
120,2164
120,29421
120,22321
120,22329
120,20812
120,9455
120,25102
120,937
120,31890
120,3131
120,11018
120,17787
120,26110
120,8946
120,13789
120,36652
120,27803
120,34298
120,5943
120,18035
120,33029
121,36339
121,26699
121,5629
122,17617
122,35486
122,13024
124,6295
124,5629
124,16680
124,5210
124,21425
124,494
124,27803
124,29741
124,31345
124,18163
124,8141
124,6307
125,7037
125,17335
125,7622
125,25291
125,27803
125,10081
125,34536
125,35335
125,17722
125,28288
125,33970
125,27048
125,32649
125,10407
125,5013
125,5300
125,28005
126,35417
126,23733
126,14954
126,35865
126,31354
126,16639
127,22898
127,910
128,10397
129,16475
129,8357
129,8093
129,29589
129,3658
129,4350
129,20024
129,24252
129,34456
129,37161
129,10523
129,27803
129,1619
130,30881
130,31890
130,561
130,15990
130,32165
131,22504
131,7607
131,34355
131,34696
131,26568
131,34935
131,23491
131,31373
131,11227
131,23591
131,19351
131,9992
131,30360
131,19605
131,15074
131,27951
131,22832
131,1316
131,27803
131,14670
131,35762
131,13553
131,1821
131,20860
131,18163
131,15750
131,35008
30936,11129
30936,1853
30936,8245
34227,31126
34227,21142
134,35773
134,21901
134,27803
134,33303
134,4942
134,7394
134,10432
134,4569
134,6421
134,14242
134,25477
134,25907
134,35241
134,9006
134,19656
134,22503
134,36628
134,33029
135,26409
135,30047
135,15861
135,18163
135,31890
135,10403
136,8637
136,23430
136,27424
32362,35088
32362,9166
32362,31247
32362,14063
32362,31064
32362,16392
32362,32600
32362,26105
32362,24735
32362,9040
32362,1811
32362,32206
32362,33848
32362,4001
32362,3160
32362,31785
32362,26223
32362,23617
32362,28465
32362,19752
32362,13995
32362,26570
32362,1808
32362,18682
138,14954
138,6137
26996,1789
139,2237
139,19217
139,27250
139,9428
139,10840
139,30002
139,17084
139,35590
139,23013
139,27040
140,5194
140,16336
140,2683
140,19483
140,8716
140,36584
140,27196
140,6086
140,25725
140,33138
140,28940
140,35734
140,557
140,24040
140,5506
140,23400
140,13028
140,15814
140,6134
140,4855
140,37471
140,9506
140,13983
140,3336
140,30002
140,27803
140,11010
140,29886
140,33995
140,6716
140,3210
140,5907
141,7123
141,18786
141,34992
141,34074
141,12115
141,12699
141,18866
141,6000
141,4674
141,33489
141,9818
141,37471
141,31890
141,9775
141,31248
141,6997
142,1726
142,19300
142,17649
143,3624
143,9051
143,2315
143,12509
143,3658
143,26343
143,2590
145,11244
145,11081
145,22389
145,25249
146,22137
146,23534
146,8880
146,37682
147,31890
147,21851
148,26499
148,19712
148,20548
149,18053
149,9834
150,21411
150,974
150,5231
150,30762
150,11051
150,3027
150,4757
150,5800
150,32098
151,32729
151,22888
152,28970
152,4016
152,35660
153,31890
154,36909
154,35213
154,6954
155,14954
155,37134
156,6631
156,7710
156,32936
156,31917
156,30199
156,26007
156,28957
156,17342
156,3677
156,25844
156,33366
156,5199
156,26734
156,33643
156,15333
156,35008
157,22836
157,35388
157,30468
157,18850
157,35926
157,15394
157,34840
157,31890
157,13910
158,16498
158,5673
159,13421
159,9520
159,9721
159,35829
159,2796
159,1877
159,2614
159,16524
159,7195
159,29023
159,25441
159,19675
159,25143
159,19222
159,19333
159,20049
159,12894
159,30724
159,31219
159,32914
159,35158
159,37578
159,8581
159,6871
159,7890
159,12336
159,22932
159,13833
159,20193
159,28434
159,34046
159,34124
159,19951
159,25477
159,298
159,13638
159,28077
159,33283
159,2601
159,2948
159,15669
159,17677
159,32509
159,2810
159,8931
159,5319
159,24161
159,4948
159,2084
159,28474
159,24718
159,11877
159,34075
159,35211
159,35698
159,23453
159,28944
159,30650
159,21318
159,8903
159,19981
159,27631
159,3416
159,29656
159,16042
159,27803
159,7775
159,24369
159,24431
159,31131
159,28603
159,9042
159,11537
159,13413
159,12407
159,260
159,1686
159,16567
159,12963
159,11394
159,32559
159,15321
159,3293
159,29598
159,31192
159,37522
159,23649
159,22881
159,16021
159,1418
159,11182
159,10179
159,18785
159,18491
159,17010
159,26918
159,232
159,6183
159,16166
159,33678
159,30549
159,31802
159,2729
160,21754
26579,6295
26579,16101
26579,29391
26579,4609
26579,29115
26579,22545
26579,31713
26579,6307
162,29655
162,6957
162,6729
162,37471
162,11288
162,13751
163,26635
163,15520
164,27803
164,11010
164,5751
164,17022
164,33057
164,26240
164,5817
164,18254
165,20380
165,12356
167,14796
167,10001
168,25630
168,7104
168,17850
168,26662
168,29589
168,29421
168,25249
168,16390
168,19619
168,12650
168,21840
168,31890
168,18663
168,30465
168,18263
168,31520
168,31695
168,22389
168,10638
168,9819
168,26881
168,37350
168,29082
168,12681
168,2376
168,24207
168,17600
169,31126
170,32580
35714,20095
35714,35008
172,36771
173,10427
173,13303
173,18163
173,3374
173,14954
174,35773
174,10323
174,27719
174,6886
174,5362
174,4426
174,33469
175,19063
175,7710
175,31917
175,19096
175,73
175,21203
175,15591
175,27824
175,14242
175,24181
175,16119
175,7302
175,33029
175,2328
175,19080
175,30199
175,19222
175,29193
175,35773
175,5231
175,9051
175,3712
175,393
175,27803
175,28961
175,15156
175,5457
175,31630
175,3306
176,31890
176,22110
176,36652
177,27685
177,35681
177,19384
177,893
177,22782
177,23204
178,19927
178,14242
178,1551
178,25477
178,17576
178,33183
178,20581
6094,21802
6094,4021
6094,34114
6094,35773
6094,32753
6094,22321
6094,33401
6094,25258
6094,11732
6094,25285
6094,25286
6094,32707
6094,9964
6094,5402
6094,24993
6094,4297
6094,12903
6094,33206
6094,7979
6094,2472
6094,11320
6094,12613
6094,23555
6094,29715
6094,9553
6094,32322
6094,22353
6094,7435
6094,35466
6094,13063
6094,19253
6094,20506
6094,2078
6094,13365
6094,1212
6094,1070
6094,11349
6094,33463
6094,31141
6094,31089
6094,12085
6094,12794
6094,19508
6094,16275
6094,33216
6094,35307
6094,36289
6094,19426
6094,4468
6094,27302
6094,21946
6094,16253
6094,10030
6094,31890
6094,24939
6094,5772
6094,26415
6094,30403
6094,34429
6094,2309
6094,5479
6094,26007
6094,23664
6094,9407
6094,1681
6094,3143
6094,2129
6094,35311
6094,21432
6094,16095
6094,7360
6094,11991
6094,18624
6094,21441
6094,20610
6094,14003
6094,6528
6094,33736
6094,21411
6094,5367
6094,13379
6094,23050
6094,20024
6094,27803
6094,2152
6094,33069
6094,27022
6094,8329
6094,1295
180,19253
180,27803
180,15748
180,2483
180,36652
181,23853
181,2561
181,7339
181,15241
181,12071
181,5629
181,2683
181,13663
181,21375
181,36628
181,25177
181,23879
181,32415
181,34476
181,18410
181,6907
181,17933
181,12136
181,18866
182,11802
182,14352
182,29696
182,26662
182,32216
182,32191
182,17123
182,8261
182,16859
182,20135
182,30607
182,35905
182,22071
182,1643
182,4879
182,37678
182,12293
182,18745
182,7195
182,36804
182,14045
182,5624
182,2326
182,13421
182,36363
182,25272
182,18211
182,15675
182,28610
182,11536
182,8757
182,29023
182,1427
182,23397
182,6968
182,10620
182,29701
182,10730
182,18949
183,10109
183,21754
183,36652
30946,32908
30946,20058
30946,28153
30946,4184
185,23589
185,2273
185,17202
185,10402
185,6766
185,24334
185,22353
185,31304
185,19631
185,33138
185,32180
185,15191
185,33410
185,19111
185,33799
185,32233
185,31890
185,15074
185,8598
185,5629
185,6900
185,18825
185,27803
185,11242
185,35171
185,36909
185,18163
185,29975
186,27912
186,31278
186,1416
6095,19222
6095,349
188,29574
190,25152
190,8256
190,26506
190,16390
190,28589
190,33112
190,18709
190,19021
190,35688
191,31890
191,8054
192,15429
192,36652
192,9892
192,24060
192,25958
192,22832
192,9051
192,23491
192,28307
192,23664
192,11051
192,35773
192,16119
192,26455
192,14670
192,31783
193,19888
193,3153
193,18266
193,13811
193,33138
193,15270
193,37444
193,13598
193,28288
193,6945
193,31843
193,30836
193,23767
193,12812
193,5294
193,31890
193,23777
193,33029
194,5361
194,30809
194,36628
194,18945
194,31890
194,34385
194,5128
194,11723
194,28001
194,18381
194,11814
194,22881
194,29188
194,30199
194,26078
194,26191
194,22441
194,11081
194,27803
194,25958
194,24561
194,18339
194,20227
194,23838
194,27692
195,2282
195,19962
1163,35794
1163,25509
1163,33671
197,13641
197,34523
197,7105
197,37666
197,7106
197,30981
197,23856
197,19698
197,10595
197,24552
197,4577
197,1409
197,11335
197,8245
197,30935
197,86
197,31890
197,9601
197,4793
197,18263
197,10568
197,11273
197,34198
197,1853
197,23008
197,9359
197,16406
197,37433
197,16268
197,27803
197,23430
197,19852
197,1575
197,19769
197,35773
197,22650
197,6631
197,29275
197,33804
197,29239
198,27517
198,6152
198,14658
198,32197
198,26888
199,27803
199,11242
200,10403
200,24666
200,34207
200,23527
200,8461
200,22881
200,28503
200,30199
201,29979
201,17585
201,35773
201,3438
201,2275
201,19006
201,22699
201,11051
201,11038
201,22782
201,22862
201,11119
201,24350
201,17580
201,22832
201,27043
201,23727
201,36718
201,30544
201,31133
201,26801
201,26516
201,27231
202,14148
202,30494
202,31890
203,14381
203,5490
203,13638
203,25469
203,6301
203,27803
203,19772
203,16496
203,34449
203,10574
203,35890
203,36628
203,33591
204,31890
205,15054
205,9721
205,26110
205,37289
205,28944
205,14954
205,2078
205,31890
205,13413
205,17099
206,13213
206,5673
206,24228
207,23836
207,5629
208,6965
208,14094
208,29526
208,24789
208,33114
208,21508
209,20063
1236,37072
211,23879
212,7825
212,31890
213,34081
213,37289
213,4562
213,36289
213,31890
213,10595
213,16304
213,37682
215,8979
215,19253
215,20957
215,35357
215,27928
215,21397
215,12734
216,9166
216,14242
216,5124
216,12513
216,28595
216,28388
216,32714
217,37206
27273,364
27273,3664
27273,10827
27273,30449
27273,18331
27273,8148
27273,32714
27273,22425
27273,27067
27273,14242
27273,8723
27273,1356
27273,25434
27273,2333
27273,32885
27273,28388
27273,31890
27273,36628
27273,22218
27273,27723
27273,2074
27273,29218
27273,6134
27273,19222
27273,31785
27273,31170
27273,33062
27273,18183
27273,19358
27273,22370
27273,27803
27273,23767
27273,10496
27273,2410
27273,11534
27273,17153
27273,35558
27273,35456
27273,31106
27273,32821
27273,1295
27273,22666
27273,15192
218,6044
218,14319
218,7712
218,27291
218,33128
218,16631
218,14613
218,5617
218,17099
218,6544
218,33293
218,1632
218,588
218,18745
218,24031
218,2579
218,27202
218,19982
218,14249
218,8321
218,20321
218,31039
218,14954
218,36652
218,4972
218,20100
218,27803
218,21501
218,6149
218,2347
218,35773
218,13647
218,26086
218,24677
218,16916
219,15554
219,33216
219,29212
219,25279
219,21881
219,24472
219,17854
219,9635
219,20638
219,5859
219,24125
219,31890
219,33010
219,33837
219,32129
219,15669
219,23008
219,19222
219,852
219,9722
219,28697
219,9051
219,16843
219,30002
219,27803
219,2316
219,12613
219,23903
219,24969
219,27106
219,17617
219,5009
219,9547
219,11051
219,27629
219,26196
220,9721
221,20901
222,26810
222,26786
222,31278
222,11105
223,3143
223,14249
223,27803
223,10688
223,19253
223,13022
223,36652
223,15743
223,16907
27532,13594
27532,19253
27532,13458
27532,8228
27532,15460
27532,8191
27532,15980
27532,31563
27532,23991
27532,13638
27532,35749
27532,3160
27532,22299
27532,19890
27532,19441
27532,33768
27532,36837
27532,8464
27532,22132
27532,18035
27532,30232
27532,20124
224,31126
224,2635
224,32415
224,12034
224,21142
224,29982
224,9051
225,10595
226,27803
226,33671
226,29696
227,20854
227,8330
227,9447
227,30674
227,12209
227,19222
227,16119
227,33338
227,31365
227,13245
228,16631
228,35572
228,10111
228,18489
228,25007
228,10510
228,7097
228,14198
228,36239
228,1573
228,8019
228,4422
228,22932
228,20294
228,32624
228,18163
228,19675
228,26823
228,33856
229,27395
230,24830
230,30956
230,73
230,13998
230,17854
230,27824
230,33128
230,31099
230,9598
230,31890
230,23755
230,6631
230,30199
230,1852
230,35773
230,13365
230,33952
230,11051
230,4756
230,34559
230,7317
230,12300
230,8061
965,363
965,35332
965,33863
965,10739
965,6084
965,16680
965,22642
965,11225
965,25510
965,33247
965,31616
965,32112
965,29560
965,31890
965,28574
965,18486
965,22007
965,15143
965,3491
965,23576
965,8142
965,10497
965,8054
965,34561
965,23706
965,8472
965,35236
232,8582
232,14018
232,33293
232,29772
232,13663
232,19905
232,20555
232,31969
232,30332
232,35253
232,20547
232,2075
232,19253
232,6308
232,37471
232,9678
232,29873
232,27803
232,35599
232,37289
232,28603
232,18038
233,33020
233,14680
233,18747
233,28006
234,13303
34030,5335
34030,4905
34030,20535
34030,30513
34030,28957
34030,2792
34030,27803
34030,26923
34030,21380
34030,7195
34030,17010
34030,36628
34030,6183
236,18135
236,31890
236,29903
236,28957
236,36209
236,23760
236,28601
238,36652
18395,73
18395,13857
18395,21322
18395,31102
18395,17580
18395,2495
18395,19222
18395,37193
18395,23664
18395,33128
18395,33643
18395,16119
18395,33546
240,34402
240,26661
240,13833
240,12903
240,29055
240,30101
240,15258
240,21376
240,13504
240,2868
240,11850
240,23458
240,14914
240,2806
240,35032
240,17641
240,28064
240,27667
240,16483
240,33780
240,352
240,27803
240,3784
240,36539
240,22151
240,31119
240,9688
240,4630
240,2375
241,1532
241,35773
241,28118
241,16779
241,17854
241,20974
241,19268
241,9008
241,22359
241,31890
241,26906
241,18751
242,16600
242,18945
242,3378
242,29982
242,1119
242,10281
242,32718
242,35388
242,11279
242,10001
242,3153
242,31384
242,18274
242,31890
242,21142
242,30722
242,14052
243,19950
243,34169
243,27803
243,6836
243,4290
243,11379
243,10689
243,18459
243,29055
243,35171
243,31706
34271,7274
34271,28212
34271,2773
34271,2073
244,11287
244,27803
244,14414
244,17571
244,33780
244,3752
244,31890
244,19384
244,33630
244,26457
244,34026
245,19416
24535,37540
24535,3712
246,31126
246,35219
246,14593
246,33127
246,14865
246,13728
246,31890
246,9210
246,8635
247,8880
248,24131
248,20780
248,33988
6104,20177
6104,10568
6104,35773
6104,31890
6104,8635
6104,27803
6104,30974
250,7027
250,19302
250,35773
6105,9945
6105,9395
6105,34747
6105,13728
6105,18163
6105,16122
6105,21390
6105,3922
252,36426
254,4411
254,22096
254,31890
254,7442
255,2706
255,37458
255,1318
255,4730
255,25401
255,29462
255,412
255,20173
256,14814
256,13675
257,34265
257,4426
257,8008
257,35773
258,31516
258,34114
258,14296
258,26520
258,7442
258,36869
259,32509
259,506
18401,31060
18401,2262
24539,24140
262,34522
262,27803
262,19392
262,10402
262,19222
262,7027
262,23879
262,36389
262,22321
36180,24668
36180,11948
263,3138
263,28957
264,31890
264,6189
264,19392
264,35773
264,27803
264,28731
264,21864
264,4687
264,21693
264,20854
264,1840
264,13638
264,35008
265,73
265,2308
265,5629
265,8357
265,27976
265,30834
265,3712
265,27803
265,25748
265,19389
265,31890
265,31893
266,953
266,13883
266,13447
266,26770
266,29552
266,35051
266,27426
266,20517
266,34508
266,21436
266,7103
267,23449
268,27803
268,19
269,19362
269,35780
269,36559
269,31336
269,27780
269,37150
269,4311
269,21979
269,17128
269,8364
269,15131
269,27803
269,8520
269,33273
269,27270
269,17010
269,11987
269,13638
270,3306
270,25113
270,18945
270,2147
270,1013
271,17128
271,24605
272,19222
272,27803
272,32587
272,5629
272,11748
273,34427
273,19324
273,31497
273,10595
273,5188
273,35876
273,18163
273,31890
273,36164
273,3990
273,18638
274,31890
274,5629
274,10184
274,10001
274,13638
274,5052
275,3427
275,107
275,13638
275,7631
275,22881
276,15554
276,13638
276,27843
276,14176
276,28532
276,31890
276,22353
277,12189
277,25819
277,27671
277,13772
277,20961
277,25958
277,31890
277,35171
277,18562
277,35116
277,32686
277,25364
277,34020
277,33410
277,983
277,23838
277,33684
277,7027
277,21145
277,22832
277,32661
277,18035
277,16778
277,35008
278,10896
278,24830
278,8232
278,16263
278,8441
278,19222
278,36426
278,36790
278,9051
278,3463
278,18751
278,33128
278,22062
278,3590
278,26946
278,33029
279,3491
279,15024
279,35008
279,29911
279,10001
280,16765
280,36344
34791,27803
34791,34114
34791,30199
34791,24537
34791,13638
34791,29397
34791,31890
34791,20433
34791,35008
34791,22832
282,20191
282,27941
282,13519
282,10402
282,4240
282,9968
282,27450
282,23354
282,31324
282,9753
282,37289
282,18435
282,24341
282,12404
282,11344
282,33423
282,27202
283,17717
284,17926
284,25630
284,14242
284,7027
284,27082
284,12300
284,31890
284,25102
284,36628
284,18663
284,29421
27608,14003
27608,1841
27608,20972
286,15760
286,23616
287,2397
287,20380
287,3361
287,9051
288,13647
288,4088
288,36540
288,20100
289,15115
4818,9721
4818,10854
4818,25239
4818,29819
4818,1017
4818,4961
4818,35955
4818,33671
4818,19670
4818,12062
4818,2442
4818,1880
4818,28490
4818,1631
4818,27647
4818,14696
4818,8011
4818,12748
4818,2837
4818,5673
4818,36896
4818,11968
4818,27518
4818,24888
4818,35474
4818,27803
4818,26569
4818,28398
4818,28144
4818,36774
4818,19168
4818,8783
4818,32120
4818,20698
33064,15705
33064,814
33064,12336
33064,10772
33064,22843
33064,17871
33064,35521
33064,27803
33064,9455
33064,166
33064,20058
33064,27088
33064,18967
292,1640
12247,27803
12247,19981
12247,1037
12247,4088
294,25149
294,19222
294,18775
295,4796
295,7027
295,4128
295,35773
296,12686
296,11373
296,5076
296,8324
296,19038
296,25288
296,18598
296,36989
296,21737
296,31928
296,21002
296,35208
296,26409
296,11283
296,6952
296,31724
296,35807
297,29979
297,9102
297,24350
297,36718
297,17580
297,3509
297,893
297,12892
297,14967
297,24729
297,2497
297,3597
297,22782
297,14395
297,25225
298,5680
298,24718
298,24759
298,36652
298,22353
298,29331
298,6657
298,13883
298,12133
298,20231
298,6544
298,10001
298,31890
298,30756
298,6988
298,18309
298,32381
298,5628
298,34597
298,5629
298,18825
298,32215
298,37263
298,27803
298,13761
298,14924
298,32687
298,14189
298,8328
298,21471
298,18969
298,12794
298,23840
299,36468
300,15862
300,10761
300,36957
300,11696
301,1923
301,27302
301,21637
301,17318
301,32311
301,25270
301,5907
302,31126
302,36289
302,21142
302,5315
302,20363
302,18638
302,10595
303,31687
303,27803
303,3887
303,10693
303,35061
303,7195
303,11536
303,21461
304,14956
304,29212
304,4163
305,24830
305,31890
305,26073
305,24402
305,30603
305,8107
305,27803
305,18567
305,27302
305,35773
305,13638
305,32726
306,30764
307,11768
307,11439
307,27656
308,27048
308,35152
308,363
308,12653
308,7882
308,15757
308,26167
308,4723
308,35949
308,184
308,20598
308,17395
308,12231
308,18418
308,14038
308,20105
308,37161
308,25999
308,31890
308,3980
308,24347
308,36741
308,34989
308,1672
308,538
308,5629
308,29388
308,15412
308,20303
308,32138
308,4293
308,26569
308,4531
308,7714
308,20910
308,34315
308,4417
308,3123
308,3789
308,1257
308,24291
308,30163
308,7446
308,33012
308,30219
308,4513
308,12908
308,17515
308,30610
308,21983
308,10528
308,23639
308,32961
308,4193
308,13504
308,30172
308,34673
308,2285
308,22669
308,5896
308,36720
308,18318
308,14712
308,631
308,27728
308,34849
308,34058
308,6854
308,29271
308,27861
308,5015
308,4007
308,33850
308,31914
308,36788
308,30429
308,31659
308,23676
308,26003
308,20785
308,5903
309,26007
309,10266
309,31917
309,31358
309,19222
309,26281
309,22666
309,6578
309,27803
309,3747
309,26124
309,34515
309,18876
309,2319
309,11191
309,37139
309,29789
309,23823
309,18945
30965,15239
30965,18866
30965,22553
30965,26982
30965,35137
30965,25564
30965,13347
30965,18701
30965,31553
30965,22995
30965,11707
30965,11814
30965,3867
30965,23005
30965,34256
30965,14595
30965,31602
30965,9573
30965,23509
30965,18892
30965,18456
30965,25812
30965,27739
30965,25967
30965,33614
30965,12168
311,974
311,31917
311,33069
311,18666
311,2397
311,925
311,7027
311,9049
311,26666
311,3712
311,28639
311,1979
311,9008
311,28217
311,35773
311,6554
311,26860
311,31890
311,22564
313,5580
313,2078
313,31890
313,34162
314,974
314,11271
314,4275
314,17014
314,9051
314,32082
314,14800
314,27895
314,15191
314,31890
314,20932
314,35828
315,8357
315,3360
315,2078
316,19222
316,6554
316,26880
316,37107
316,12803
317,37454
317,28957
317,22827
318,28975
318,23680
318,36743
318,31890
318,3860
319,34062
319,19253
319,27803
319,27177
319,11927
319,36652
319,13638
319,20434
319,22321
320,26238
320,29687
320,17030
320,21501
320,7195
320,33671
320,31369
320,34128
320,22326
320,7048
320,21153
320,11977
320,4497
320,641
320,10001
321,2078
321,35773
321,22666
321,36128
321,37043
321,27302
321,15191
321,27233
321,31890
321,10415
321,9752
321,26639
321,33643
321,30199
321,12752
321,21864
321,28961
321,11534
321,5696
321,35008
321,8578
321,18114
321,7710
321,5490
321,36652
321,26026
321,9008
321,21689
321,36799
321,25163
321,19114
321,36559
321,35828
321,15110
321,23050
321,14098
321,3712
321,20024
321,19222
321,27803
321,28217
321,6229
321,15750
321,2431
321,25477
322,30136
322,27803
322,31920
323,6631
323,21552
323,5948
323,1204
323,11651
323,33410
323,23838
323,11961
6115,17651
6115,33274
6115,18200
6115,1777
6115,31890
6115,23204
325,17118
325,25360
325,8293
325,7363
325,3491
325,20505
325,32097
325,33837
326,10916
326,2828
326,6452
326,25424
326,37627
326,34690
326,32999
326,17702
326,13091
326,32761
326,4035
326,5072
326,35311
326,25575
326,13836
326,11534
326,680
326,3352
326,35085
326,31659
326,31218
326,1686
326,7354
326,19732
326,440
326,16424
326,5497
326,8518
326,9837
326,12095
326,25221
326,10568
326,12138
326,17899
326,35186
326,12009
326,15110
326,14879
326,36423
326,31170
326,1343
326,31404
326,35513
326,32346
326,23129
326,8723
326,31714
326,2859
326,1295
326,9008
327,15291
327,30002
327,27931
327,15647
328,10742
328,31890
328,14063
329,21339
330,13208
330,32877
331,14954
333,22294
333,18277
333,15709
333,22586
333,31170
333,5044
333,27803
333,17122
333,27419
333,17010
333,7631
333,30564
333,8375
334,21235
334,23783
334,5629
335,8611
335,12582
335,37043
335,7006
335,17186
335,18672
335,24616
335,22666
335,2382
335,26026
335,14800
335,27302
335,17596
335,9008
335,25584
335,15191
335,17484
335,31890
335,36063
335,7835
335,10568
335,10830
335,6134
335,19222
335,36652
335,31987
335,9051
335,3712
335,20854
335,30581
335,7317
335,13656
335,30460
336,27803
336,10568
336,35987
336,7048
336,1780
336,13638
336,4497
336,17098
27893,36357
337,20591
337,7104
337,27223
337,6686
337,37627
337,11401
337,24175
337,29421
337,31276
337,22994
337,32451
337,6345
337,15191
337,35703
337,30193
337,3121
337,20236
337,34424
337,31890
337,19392
337,5629
337,4125
337,24118
337,6424
337,32066
337,25610
337,25630
337,36652
337,32157
337,25249
337,16086
337,2806
337,4393
337,15530
337,19253
337,26911
337,12498
337,24155
337,8623
337,27803
337,3684
337,29082
337,16166
337,27282
337,32030
337,7942
337,3881
338,9065
338,27803
338,27919
338,37346
338,23228
338,7317
338,14902
338,18689
338,29115
339,3352
339,32876
339,18945
339,7442
339,12968
339,30878
340,21376
340,31890
340,5161
340,12461
340,361
341,20554
341,16390
341,25830
341,33603
341,11851
341,15156
341,34390
341,30285
342,73
342,33410
342,33643
342,30199
342,34326
342,13638
342,31890
344,27803
344,31890
344,2803
344,8880
345,33671
345,36731
345,33162
345,4204
345,36028
345,6964
345,7195
345,31890
345,11081
345,27803
345,18309
347,25062
347,30235
347,31890
347,34606
347,18163
348,26604
348,31129
348,10402
348,26053
348,26343
348,28118
349,27824
349,14242
350,22446
350,31890
350,25734
350,17430
351,18084
351,73
351,27803
351,26732
351,35773
351,10914
351,19138
351,11051
352,26556
352,32539
352,32753
352,31890
352,28639
352,26749
352,36201
352,19253
352,27464
352,13638
352,7411
352,20470
352,35284
352,20506
352,12114
352,32819
352,27803
352,1075
352,25677
352,30235
352,32060
352,19861
354,1949
354,7713
355,13761
355,28400
24555,14863
24555,29439
24555,2567
24555,1526
24555,14954
24555,18163
358,2837
358,16708
358,27641
358,12384
358,4076
358,19222
358,7424
358,36629
358,10100
359,13122
359,14815
359,3827
359,22259
359,28161
359,30178
359,35452
360,18362
360,16749
360,5389
360,21375
360,15528
360,32530
360,34467
360,31890
360,15806
360,36285
360,34591
360,595
360,4094
360,34676
360,32404
360,23451
360,11969
360,1106
360,3645
360,27159
360,25235
360,34443
360,31838
360,16347
360,34287
360,25318
360,34818
360,36652
360,36385
360,18200
360,981
360,29147
360,25259
360,13568
360,5358
360,7339
360,19247
360,2425
360,22882
360,19253
360,25166
360,12498
360,26209
360,3712
360,901
360,27803
360,4200
360,23476
360,31325
360,26540
361,4360
361,23589
361,36446
361,4723
361,14176
361,5013
361,31890
361,31772
361,22353
361,20292
362,27370
362,73
362,5361
362,33643
362,14318
362,13705
362,15485
362,6511
362,27803
362,34150
362,2690
362,3388
362,15191
362,31630
363,31126
363,17976
363,16276
363,14036
363,7714
363,37161
363,31890
363,33029
364,17091
364,36661
364,30339
364,36289
364,31681
364,22539
364,22642
364,8360
364,22668
364,31890
364,18320
364,2035
364,1030
364,35876
364,8054
364,33383
364,6790
364,27793
364,23664
364,24574
364,9198
364,27450
364,16321
364,17732
364,18116
364,1906
364,34349
364,21337
364,22353
364,10595
364,13273
364,28602
364,19645
364,31967
364,15734
364,14648
364,28429
364,10001
364,17976
364,4074
364,14176
364,14954
364,35008
364,1786
364,21851
364,19755
364,12505
32480,30624
32480,7181
32480,16731
367,16128
368,9395
368,6261
368,29055
368,3922
368,31890
368,9021
368,17600
368,31018
368,23690
368,12988
368,9092
368,5589
368,27803
368,6641
368,13836
368,26569
368,29082
368,25454
368,7562
368,13598
368,8658
368,11177
369,16631
369,2029
370,25122
370,12410
370,17792
370,22690
371,33128
371,35773
371,19222
371,31890
371,31376
371,1089
372,33029
373,27803
373,12556
373,23907
373,20214
374,22137
374,6575
374,31890
374,20583
375,19253
376,23588
376,19999
376,12732
376,14761
376,19765
376,22216
376,4978
376,33350
376,1096
376,35822
376,32764
376,22690
376,27906
376,31483
376,3416
376,17792
376,27242
376,29715
376,23279
376,33906
376,37351
376,35175
376,37584
376,14796
376,20040
377,6187
377,7006
377,25477
378,13393
378,10434
378,36382
378,11921
378,6486
378,16788
378,1409
378,15472
378,11397
378,36586
378,31154
378,33973
378,27082
378,1095
378,13236
378,16119
378,16167
378,31630
378,25907
378,19845
378,6165
378,7897
378,34861
378,29997
378,30889
378,27053
378,19222
378,21070
378,1801
378,33018
378,10397
378,14814
378,33920
378,22442
378,35681
378,29454
378,33793
378,33303
378,26727
378,27803
379,2837
379,1748
380,28217
381,30861
382,27803
383,31379
383,17395
383,16631
383,3887
383,19805
383,29382
383,28122
383,28075
383,33671
383,31292
383,1841
383,24088
383,20657
383,27777
383,8808
383,28340
383,33029
383,10589
383,21926
383,37346
383,1280
383,31121
383,19222
383,26223
383,11446
383,1265
383,12857
383,6635
383,16813
383,13761
383,29023
383,2347
383,14484
383,13647
383,18163
383,6574
383,27803
384,13638
384,33204
385,29055
385,23491
386,9887
386,35106
386,15680
386,14528
386,9594
386,22134
387,12585
387,5264
387,9051
388,33371
388,5567
388,9051
388,2078
388,1607
388,19070
388,11051
388,32876
388,37193
388,7210
388,15191
388,15806
388,26146
388,35008
388,32129
2309,28934
2309,17528
2309,31266
2309,34804
2309,13301
2309,31170
2309,2834
2309,28283
2309,30656
2309,36373
2309,21819
2309,33953
2309,22232
2309,5200
2309,20368
2309,23694
2309,1092
390,10933
391,28957
392,25495
393,23589
393,15755
393,10243
393,34970
393,5994
393,35370
393,508
393,26974
393,30863
393,21232
393,18876
393,27963
393,19253
393,35075
393,31890
393,7631
393,33029
393,17486
393,26638
393,35633
393,13028
393,22110
393,1459
393,28671
393,5457
393,21462
393,22625
393,22019
393,28449
393,13472
393,26880
393,4302
393,6645
393,13632
393,35970
393,33920
393,403
393,24347
393,26958
393,22491
393,27589
393,30368
393,15591
393,33202
393,8379
393,18160
393,16741
393,28501
393,13638
393,28957
393,30235
393,5506
393,30384
393,31677
393,23793
393,30002
393,36810
393,21358
393,3252
393,10689
393,4235
393,36628
393,5045
393,27803
393,11010
393,21375
393,36906
393,33995
393,7317
393,19483
393,33303
393,36819
393,24397
393,29886
393,35365
393,33367
394,7251
394,21659
395,1282
395,7354
395,19229
397,974
397,6569
397,2152
397,31917
397,28593
397,13883
397,2397
397,10830
397,3712
397,31890
397,9008
33739,1500
33739,11354
33739,33202
33739,730
33739,9199
33739,33303
33739,28957
33739,37140
30981,13641
30981,24552
30981,26609
30981,15191
36681,8120
36681,29114
36681,3125
36681,23629
36681,2331
36681,7449
36681,19988
36681,19682
36681,24278
36681,33671
36681,15590
36681,13253
36681,907
36681,10133
36681,26720
36681,10803
36681,36620
36681,21461
36681,14305
36681,6574
2375,27813
2375,18558
2375,35560
2375,13454
2375,16063
2375,24331
2375,14237
2375,23922
2375,15434
2375,7395
2375,18946
2375,18084
2375,10731
2375,23529
2375,9958
2375,14619
2375,8417
2375,9042
2375,2715
2375,32926
2375,3370
2375,23281
2375,13877
2375,14631
2375,5636
2375,19155
2375,28212
2375,18827
2375,15567
2375,14980
2375,25933
2375,5600
2375,14063
2375,21973
2375,18611
2375,8293
2375,22865
2375,24299
2375,33671
2375,3860
2375,3044
2375,26176
2375,19675
2375,30658
2375,6592
2375,13932
2375,23273
2375,7675
2375,25882
2375,3368
2375,26682
2375,35032
2375,27680
2375,15816
2375,17305
2375,29543
2375,11081
2375,32346
2375,27803
2375,36731
2375,18147
2375,11083
2375,36090
2375,13653
2375,6668
2375,35882
2375,24545
2375,5813
400,10951
400,31890
400,23008
400,21847
400,32322
400,37066
400,25066
400,36912
401,22074
401,24718
401,33416
401,13773
401,31977
401,21979
401,28754
401,28294
401,2442
401,29023
401,37217
401,1858
401,19222
401,19224
401,32036
401,25098
401,33804
401,26569
401,9266
401,8783
401,4443
401,28371
12330,35830
12330,32760
12330,36289
12330,15797
12330,31890
12330,24764
12330,10595
12330,27560
22833,35523
22833,15570
22833,25166
22833,29187
22833,35773
22833,30221
22833,31890
22833,37107
22833,11051
403,4021
403,17286
403,29052
403,8512
403,16463
403,35844
403,21946
403,4185
403,16182
403,9666
403,22994
403,3829
403,13028
403,557
403,15530
403,29369
403,18932
403,31937
403,19392
403,19222
403,3121
403,13365
403,11081
403,5964
403,35558
403,13632
403,19651
403,28663
403,13263
403,25642
404,20236
404,25630
404,12884
404,15456
404,27803
404,37032
405,33948
405,14027
406,17903
408,33189
408,13638
408,11279
408,36652
408,35773
408,18163
408,2635
408,3633
409,29896
409,14258
409,34242
409,8396
409,17676
409,27803
409,15646
409,2177
409,36799
409,4772
409,10830
409,22881
410,8120
410,19845
411,2861
411,2566
411,29212
411,18945
411,25669
411,33197
411,11225
411,21376
411,13019
411,18274
411,29452
411,35867
411,30016
411,5315
411,25422
411,26755
411,14400
411,18318
411,19089
411,10154
411,4128
411,3394
412,15241
412,16543
412,23162
412,37471
412,22721
412,21816
412,32411
412,20403
412,3208
412,7891
412,3578
412,14666
412,25005
412,17620
412,37234
32984,31890
32984,10595
32984,36289
413,10827
413,16174
413,31980
413,30002
413,35922
413,10101
413,27803
413,16181
413,26649
413,26956
413,19909
413,35128
413,16321
413,16044
413,16823
413,6165
413,24718
414,22130
414,4197
414,14003
415,7492
415,26556
415,15183
29981,13882
29981,35188
29981,20777
416,18611
416,7027
416,11573
416,6098
416,21811
416,18200
416,35773
416,7513
416,31890
416,6247
416,4796
24567,73
24567,29078
24567,8583
24567,32506
24567,33338
24567,3712
24567,22522
24567,27173
24567,18945
24567,9008
418,33029
418,23589
418,26786
418,27244
418,19222
418,35899
418,35773
418,31890
418,9051
418,33940
419,13638
419,18876
419,18651
419,6026
419,34906
420,10528
420,37309
420,6704
420,20259
420,8394
420,33999
420,31890
420,29805
420,18123
420,37682
422,18663
422,37529
422,20773
422,27803
422,35935
423,37145
423,6578
423,16263
423,28226
423,31365
423,3103
423,19389
423,11867
423,31352
423,32579
423,31890
423,10902
424,2504
425,22504
425,4447
425,31917
425,11534
425,7818
425,23589
425,28782
425,11051
425,26585
425,22250
425,31505
425,9955
425,15731
425,24376
425,26701
425,18805
425,30183
425,22919
425,13638
425,36201
425,10830
425,452
425,17676
425,31890
425,35828
425,22666
425,33988
425,12643
425,22832
425,9051
425,16469
425,1856
425,35296
425,10579
425,35008
425,28217
425,3712
425,9453
425,15750
425,6729
425,10568
426,36088
426,35706
426,13554
426,27013
426,22881
426,27803
426,30301
426,36126
427,9146
427,26320
427,5642
427,37632
428,1997
429,35942
429,8487
37402,26786
37402,15405
37402,14565
37402,13638
37402,10440
37402,9051
430,36363
430,35673
430,1280
430,2442
430,788
430,27933
430,25128
430,26827
430,33671
430,18949
430,27047
430,25458
430,6731
430,18881
431,2774
431,3990
431,10595
431,33640
432,26958
432,29593
432,1191
432,2836
432,26288
432,21816
432,19244
432,25062
432,31890
432,30500
432,8163
432,15709
432,24490
432,20931
432,1071
432,13472
432,27803
432,17807
432,708
432,25812
432,36070
432,33303
432,20972
432,13504
433,20024
433,23332
433,1333
433,6541
433,2273
433,17318
433,7847
433,35590
433,27803
433,21090
433,10001
434,6760
434,16422
435,3887
435,19992
436,18163
436,24207
436,24810
2627,7834
2627,31450
2627,26683
2627,26463
2627,27160
2627,17452
32576,29393
32576,27803
438,21447
438,36208
438,35522
438,36652
438,22051
438,3922
438,27497
439,34114
439,35747
439,28749
439,12436
439,2275
439,9051
439,14666
439,22732
439,23664
439,1723
439,22782
439,31890
439,28310
440,20589
440,24830
440,23810
440,9744
440,9447
440,1085
440,3182
440,36665
440,27450
440,35944
440,36586
440,11227
440,10712
440,16119
440,31890
440,26946
440,19711
440,5629
440,35773
440,31365
440,9051
440,4941
440,18035
440,23838
440,18766
440,2857
440,34713
440,16689
440,29876
440,34269
440,5725
440,34627
440,33128
440,10830
440,33134
440,15669
440,33054
440,37094
440,7027
440,11051
440,8172
440,2316
440,14670
440,13838
440,36547
440,73
440,852
440,29850
441,29819
441,35645
441,8271
441,5629
442,25796
442,17740
442,1832
442,21309
442,26303
443,5191
443,21143
443,31890
443,35008
444,32936
444,24830
444,29876
444,73
444,3761
444,15191
444,14586
444,10001
444,17530
444,17063
444,33643
444,15074
444,31119
444,37651
444,30214
444,11051
444,2316
444,23664
444,1949
444,5048
444,31114
444,22666
444,24712
444,14227
445,30047
445,26831
445,24161
445,24666
445,35773
445,35523
445,5629
445,14242
445,30596
445,30457
446,15643
446,15115
446,9395
446,5629
446,34747
446,3922
447,13083
447,23589
447,30759
447,7075
447,36581
447,25010
447,35773
447,19222
447,19029
447,14242
447,35393
448,19253
448,27803
448,35358
448,18163
448,3832
449,22642
450,23379
450,2330
450,3146
450,35403
450,34300
450,27803
450,1160
450,4069
450,23434
450,5290
450,6980
450,14026
450,27401
450,20729
450,36250
450,15191
450,29949
450,35786
450,31004
450,24662
451,17034
451,3019
451,3398
451,35876
451,3990
451,31890
451,22353
452,37082
452,26007
452,18100
452,19669
452,6691
452,19633
452,30265
452,32369
452,18951
452,20173
452,22329
452,28356
452,30537
452,20748
452,10568
452,36288
452,20047
452,6134
452,26315
452,13638
452,19224
452,37107
452,16469
452,5007
452,11834
452,32782
452,8577
452,25752
452,1295
452,8708
452,5017
452,7006
452,15192
452,34734
452,9278
452,4734
452,34045
452,15906
452,9006
452,33956
452,36799
452,15948
452,30492
452,2811
452,12122
452,17675
452,4131
452,25334
452,26527
452,34877
452,2078
452,34390
452,25185
452,15266
452,4200
452,6177
452,7317
452,26085
452,32060
452,27803
452,5130
452,3676
452,16118
452,8333
452,35211
452,37627
452,22666
452,22248
452,33931
452,13091
452,21375
452,16390
452,27302
452,10689
452,23604
452,31917
452,31890
452,36628
452,19709
452,814
452,33075
452,7201
452,10830
452,2361
452,33501
452,17900
452,22442
452,20581
452,20631
452,31255
452,1821
452,22119
452,33296
452,16738
452,34445
452,32714
452,5840
452,21270
452,19732
452,10063
452,19411
452,23780
452,6804
452,37331
452,23190
452,31141
452,18076
452,24072
452,24663
452,4001
452,6246
452,10761
452,22881
452,3459
452,23972
452,35768
452,32097
452,6666
452,3712
452,19358
452,36568
452,15887
452,30861
452,9780
452,30706
452,32016
452,27809
452,16453
452,25477
2728,4953
2728,19645
2728,15143
2728,34536
2728,3491
2728,3426
2728,12505
2728,27903
2728,8054
2728,5188
2728,22341
2728,2402
2728,18116
2728,35236
2728,21851
2728,34856
2728,10001
2728,7798
2728,28859
454,29645
454,2432
454,18742
